/qui-sommes-nous	qui-sommes-nous.txt
/vision-mission-valeurs	vision-mission-valeurs.txt
/ia-et-certifications	ia-et-certifications.txt
/corps-enseignant	corps-enseignant.txt
/partenaires-academiques	partenaires-academiques.txt
/partenaires-economiques	partenaires-economiques.txt
/actualites	actualites.txt
/certifications	certifications.txt
/alumni	alumni.txt
/campus	campus.txt
/licences	licences.txt
/licences/management	licences__management.txt
/licences/marketing	licences__marketing.txt
/licences/finance	licences__finance.txt
/licences/informatique-ia	licences__informatique-ia.txt
/licences/cybersecurite	licences__cybersecurite.txt
/masters	masters.txt
/masters/marketing-digital-ia	masters__marketing-digital-ia.txt
/masters/startups	masters__startups.txt
/masters/ingenierie-financiere	masters__ingenierie-financiere.txt
/parcours-international	parcours-international.txt
/etudiants-internationaux	etudiants-internationaux.txt
/admissions	admissions.txt
